width,depth,run,num_params,train_return,test_return,train_return_std,test_return_std,train_entropy,test_entropy,train_coverage,test_coverage,fim_trace
10.0,2.0,0.0,4204.0,0.8567949493661167,0.06584281558085447,0.3311814608337852,0.5512216447564916,0.25293008255710075,0.21773389654670983,0.24550270969697516,0.1665311457206856,nan
10.0,2.0,1.0,4204.0,0.9281949493661165,0.1845600631515171,0.1702449999265764,0.6024350076815217,0.19393663980902492,0.13695608157066924,0.2516044046122294,0.1657272989826283,nan
10.0,2.0,2.0,4204.0,0.8817179164046897,-0.10091621108051935,0.2866462244050077,0.4425727856688958,0.1942115927669202,0.17667718744052657,0.24905895006677486,0.12857637081475093,nan
12.0,2.0,0.0,5260.0,0.9275949493661166,0.051659559579724006,0.16729626415434387,0.5626019999405099,0.15175002938514945,0.20094249292756583,0.25228237071392434,0.12275362185194845,nan
12.0,2.0,1.0,5260.0,0.6129753444957462,-0.0454262076938844,0.5488084370155281,0.49928355662073554,0.18675247402005876,0.08036786890521853,0.22298787297546813,0.11719070325602361,nan
12.0,2.0,2.0,5260.0,0.8093585929573384,-0.19279067095812036,0.3948351073111682,0.34007638668321555,0.2291900602667187,0.19468134995821484,0.2444116017890274,0.11030343565198528,nan
16.0,2.0,0.0,7588.0,0.7816226998418122,-0.17431575445444722,0.4270428479392276,0.35605071214964434,0.20075890858457945,0.2099186517495331,0.23444159002568601,0.12082212644676883,nan
16.0,2.0,1.0,7588.0,0.9305949493661165,0.2066147047601763,0.17181804328998748,0.6068058542867928,0.1740118833521215,0.19301547729803176,0.250587455459687,0.16390853951333362,nan
16.0,2.0,2.0,7588.0,0.7850310950037526,-0.008739765523606472,0.42144901669189977,0.5251204135596452,0.18709183117621075,0.15849291505567845,0.24247611791805965,0.12150058105787286,nan
24.0,2.0,0.0,13108.0,0.831113121050494,0.006479111658988195,0.367765350205159,0.5333300628184301,0.13754083114795326,0.10363406996308079,0.24276373990059694,0.13214362227673923,nan
24.0,2.0,1.0,13108.0,0.9037751454633981,0.07891261985948214,0.23809139099799703,0.5725079832856769,0.14900330710476933,0.12964838559378936,0.25000790379210913,0.1333243459786494,nan
24.0,2.0,2.0,13108.0,0.9255949493661165,-0.11200213688589206,0.1671359925330268,0.4319483357931224,0.23975257167312375,0.18783046923103103,0.25228237071392434,0.13026360443552604,nan
2.0,2.0,0.0,700.0,0.9289949493661166,0.002993921413131351,0.16910351859142372,0.5308977872640652,0.3535722550518796,0.16211531092399212,0.2539772859681616,0.1395385422183232,nan
2.0,2.0,1.0,700.0,0.883152728855931,0.25856849587056746,0.29352955216148574,0.6091397323218567,0.17479310238825663,0.20120853115260556,0.2445782104673912,0.17920329122311657,nan
2.0,2.0,2.0,700.0,0.7054476435789739,-0.2422308493910742,0.4947154792259264,0.24355998330415293,0.3942836183774794,0.26310344136982516,0.22289234138841113,0.12141757058995362,nan
32.0,2.0,0.0,19780.0,0.7141192735831797,-0.048394653178667243,0.4828234648995231,0.48559721034037284,0.11784121035563644,0.17556451908718565,0.24095377585334476,0.13876593370502746,nan
32.0,2.0,1.0,19780.0,0.9275949493661166,0.2236674592246664,0.16854684808681533,0.6107481960481733,0.16573290009061303,0.1011809596530869,0.25194338766307683,0.17533541275527334,nan
32.0,2.0,2.0,19780.0,0.7635588813886167,-0.10601321646097236,0.44075374503274917,0.4465992365348934,0.1427705508262385,0.2018425830804464,0.24482474359528028,0.11245863940353157,nan
3.0,2.0,0.0,1075.0,0.7382694472829313,-0.15793674418225506,0.4629799538278555,0.37117972563345036,0.1914633585432686,0.16758763397298335,0.24187782475690411,0.13746155340399238,nan
3.0,2.0,1.0,1075.0,0.880952728855931,-0.03624044200400923,0.29129203940697995,0.49604237661499184,0.1357701990551125,0.07098158457697828,0.24596748526594633,0.14537875942623857,nan
3.0,2.0,2.0,1075.0,0.6765959594928933,0.1699000334176109,0.5260555356798274,0.5981448112812601,0.41818572057327313,0.3939775842235961,0.20103429675398587,0.15749910136995252,nan
4.0,2.0,0.0,1468.0,0.9065949493661165,-0.01738339656447982,0.23841610683844328,0.5150924402415941,0.14225712051498132,0.07398704262936741,0.2493979331176223,0.13681070823011515,nan
4.0,2.0,1.0,1468.0,0.9299949493661166,0.012842884218572222,0.1689289791598825,0.5274212200558882,0.21941701029235958,0.14614966324655934,0.2519433876630769,0.14760686078407323,nan
4.0,2.0,2.0,1468.0,0.9061949493661166,0.16514422564787945,0.23742822073207726,0.5895275535774989,0.22231833387905675,0.21535808432335823,0.2510928483718596,0.17907789391389312,nan
5.0,2.0,0.0,1879.0,0.924782497816457,-0.030657669054487705,0.1755872826151117,0.5061994412540061,0.1687050885351391,0.1389471028920566,0.2492993198664667,0.13487502461855716,nan
5.0,2.0,1.0,1879.0,0.8091477357706165,-0.015674737306127423,0.3948483717366003,0.5154051439680492,0.23706072746093765,0.1343953378959325,0.24452890384181336,0.13486568166249174,nan
5.0,2.0,2.0,1879.0,0.8354094600384488,0.11883765152166234,0.363505683093039,0.5724202457911644,0.1404638115819294,0.10392817295689358,0.24594010718193965,0.1749878003258683,nan
6.0,2.0,0.0,2308.0,0.8321949493661165,0.04092564106422358,0.3651708641170596,0.5529867202262196,0.19607614544439145,0.2391749504570601,0.24499115345660535,0.12796311451014764,nan
6.0,2.0,1.0,2308.0,0.9295949493661165,0.09731073164156964,0.16897822344905866,0.5714788384134328,0.11099173716198317,0.18732817745801583,0.25194338766307683,0.1578963653510625,nan
6.0,2.0,2.0,2308.0,0.8761179164046896,0.006624935739527149,0.2897605825444138,0.5159191693508208,0.09120053014462393,0.060773012724641216,0.24670866758089915,0.17244161652293244,nan
8.0,2.0,0.0,3220.0,0.6229959594928932,-0.12601540593291832,0.5511046133947536,0.41587975112955966,0.34822285840171213,0.1832278187658215,0.19832243234720623,0.13608926419177425,nan
8.0,2.0,1.0,3220.0,0.9307949493661165,-0.0010300346796573302,0.16759104988035609,0.5184968585786591,0.25906541185110393,0.2057818534451551,0.25228237071392434,0.15606968035979998,nan
8.0,2.0,2.0,3220.0,0.903952728855931,-0.07901884170547113,0.2442826116721084,0.46772846446858163,0.1518309579340618,0.15255816629923172,0.2469510918233234,0.12569455469252447,nan
